{
  "sents_p": 0.9259927798,
  "sents_r": 0.9572693537,
  "sents_f": 0.9412232217,
  "tag_acc": 0.8958240452,
  "ents_p": 0.8944279798,
  "ents_r": 0.8968571035,
  "ents_f": 0.8956408946,
  "ents_per_type": {
    "ORG": {
      "p": 0.0,
      "r": 0.0,
      "f": 0.0
    },
    "LOC": {
      "p": 0.0,
      "r": 0.0,
      "f": 0.0
    },
    "PER": {
      "p": 0.0,
      "r": 0.0,
      "f": 0.0
    },
    "MISC": {
      "p": 0.0,
      "r": 0.0,
      "f": 0.0
    }
  },
  "speed": 8385.5705917177,
  "token_acc": 1.0,
  "token_p": 0.9988117635,
  "token_r": 0.9995045581,
  "token_f": 0.9991580407,
  "pos_acc": 0.9697329965,
  "morph_acc": 0.9559144046,
  "morph_micro_p": 0.9794155676,
  "morph_micro_r": 0.975731657,
  "morph_micro_f": 0.9775701417,
  "morph_per_feat": {
    "Mood": {
      "p": 0.9806060606,
      "r": 0.9782345828,
      "f": 0.9794188862
    },
    "Number": {
      "p": 0.9928046301,
      "r": 0.9884753154,
      "f": 0.9906352427
    },
    "Person": {
      "p": 0.9712765957,
      "r": 0.9743863394,
      "f": 0.9728289824
    },
    "Tense": {
      "p": 0.9350318471,
      "r": 0.9657894737,
      "f": 0.9501618123
    },
    "VerbForm": {
      "p": 0.9708431836,
      "r": 0.9762282092,
      "f": 0.9735282497
    },
    "Gender": {
      "p": 0.9676982592,
      "r": 0.9567794989,
      "f": 0.9622079046
    },
    "PronType": {
      "p": 0.9885356957,
      "r": 0.9803617571,
      "f": 0.9844317592
    },
    "Definite": {
      "p": 0.9959266802,
      "r": 0.993902439,
      "f": 0.99491353
    },
    "NumType": {
      "p": 0.9640522876,
      "r": 0.9672131148,
      "f": 0.9656301146
    },
    "Voice": {
      "p": 0.9411764706,
      "r": 0.9302325581,
      "f": 0.9356725146
    },
    "Polarity": {
      "p": 0.9863013699,
      "r": 1.0,
      "f": 0.9931034483
    },
    "Case": {
      "p": 0.9072164948,
      "r": 0.8979591837,
      "f": 0.9025641026
    }
  },
  "dep_uas": 0.9010368664,
  "dep_las": 0.8602534562,
  "dep_las_per_type": {
    "cop": {
      "p": 0.8376623377,
      "r": 0.914893617,
      "f": 0.8745762712
    },
    "root": {
      "p": 0.9187725632,
      "r": 0.9089285714,
      "f": 0.9138240575
    },
    "det": {
      "p": 0.9628008753,
      "r": 0.9659714599,
      "f": 0.9643835616
    },
    "amod": {
      "p": 0.9338235294,
      "r": 0.9292682927,
      "f": 0.9315403423
    },
    "nsubj": {
      "p": 0.8743545611,
      "r": 0.8865619546,
      "f": 0.8804159445
    },
    "case": {
      "p": 0.9775928297,
      "r": 0.9744735163,
      "f": 0.9760306807
    },
    "nmod": {
      "p": 0.8127753304,
      "r": 0.8218262806,
      "f": 0.8172757475
    },
    "flat:name": {
      "p": 0.8715277778,
      "r": 0.9127272727,
      "f": 0.891651865
    },
    "acl": {
      "p": 0.6727272727,
      "r": 0.6379310345,
      "f": 0.6548672566
    },
    "advmod": {
      "p": 0.8257142857,
      "r": 0.8210227273,
      "f": 0.8233618234
    },
    "obl": {
      "p": 0.6891089109,
      "r": 0.7160493827,
      "f": 0.702320888
    },
    "conj": {
      "p": 0.6199261993,
      "r": 0.6199261993,
      "f": 0.6199261993
    },
    "cc": {
      "p": 0.8808510638,
      "r": 0.9,
      "f": 0.8903225806
    },
    "obj": {
      "p": 0.86,
      "r": 0.8285163776,
      "f": 0.8439646712
    },
    "obl:agent": {
      "p": 0.7941176471,
      "r": 0.9,
      "f": 0.84375
    },
    "acl:relcl": {
      "p": 0.6697247706,
      "r": 0.6886792453,
      "f": 0.6790697674
    },
    "mark": {
      "p": 0.8669950739,
      "r": 0.8224299065,
      "f": 0.8441247002
    },
    "advcl": {
      "p": 0.5846153846,
      "r": 0.6785714286,
      "f": 0.6280991736
    },
    "xcomp": {
      "p": 0.8278688525,
      "r": 0.808,
      "f": 0.8178137652
    },
    "iobj": {
      "p": 0.3333333333,
      "r": 0.0909090909,
      "f": 0.1428571429
    },
    "appos": {
      "p": 0.6242774566,
      "r": 0.6585365854,
      "f": 0.6409495549
    },
    "fixed": {
      "p": 0.8,
      "r": 0.7142857143,
      "f": 0.7547169811
    },
    "nummod": {
      "p": 0.9668874172,
      "r": 0.9358974359,
      "f": 0.9511400651
    },
    "aux": {
      "p": 0.9516129032,
      "r": 0.9516129032,
      "f": 0.9516129032
    },
    "csubj": {
      "p": 0.5714285714,
      "r": 0.5,
      "f": 0.5333333333
    },
    "ccomp": {
      "p": 0.7254901961,
      "r": 0.6166666667,
      "f": 0.6666666667
    },
    "orphan": {
      "p": 0.0,
      "r": 0.0,
      "f": 0.0
    },
    "flat": {
      "p": 1.0,
      "r": 1.0,
      "f": 1.0
    },
    "aux:pass": {
      "p": 1.0,
      "r": 0.9558823529,
      "f": 0.977443609
    },
    "nsubj:pass": {
      "p": 0.88,
      "r": 0.8148148148,
      "f": 0.8461538462
    },
    "parataxis": {
      "p": 0.3846153846,
      "r": 0.2816901408,
      "f": 0.325203252
    },
    "list": {
      "p": 0.0,
      "r": 0.0,
      "f": 0.0
    },
    "expl": {
      "p": 0.8571428571,
      "r": 0.9473684211,
      "f": 0.9
    },
    "dep": {
      "p": 0.0,
      "r": 0.0,
      "f": 0.0
    },
    "compound": {
      "p": 1.0,
      "r": 0.8,
      "f": 0.8888888889
    },
    "vocative": {
      "p": 0.0,
      "r": 0.0,
      "f": 0.0
    },
    "discourse": {
      "p": 0.0,
      "r": 0.0,
      "f": 0.0
    },
    "expl:pass": {
      "p": 0.0,
      "r": 0.0,
      "f": 0.0
    },
    "flat:foreign": {
      "p": 1.0,
      "r": 0.5,
      "f": 0.6666666667
    }
  },
  "lemma_acc": 0.9702342628
}